{"cameraMode":{"drawMode":0,"name":"Shaded","section":"Shading Mode"},"sceneLighting":false,"audioPlay":false,"sceneViewState":{"m_AlwaysRefresh":false,"showFog":true,"showSkybox":false,"showFlares":true,"showImageEffects":true,"showParticleSystems":true,"showVisualEffectGraphs":true,"m_FxEnabled":true},"in2DMode":false,"pivot":{"x":-14.673540115356446,"y":15.304300308227539,"z":6.997122287750244},"rotation":{"x":0.15131276845932008,"y":0.3506215214729309,"z":-0.06356436759233475,"w":0.925087034702301},"size":0.000017065205611288548,"orthographic":false}