{"cameraMode":{"drawMode":0,"name":"Shaded","section":"Shading Mode"},"sceneLighting":false,"audioPlay":false,"sceneViewState":{"m_AlwaysRefresh":false,"showFog":true,"showSkybox":false,"showFlares":true,"showImageEffects":false,"showParticleSystems":true,"showVisualEffectGraphs":true,"m_FxEnabled":true},"in2DMode":false,"pivot":{"x":4.69448709487915,"y":3.5094101428985597,"z":-4.372425079345703},"rotation":{"x":0.1485082507133484,"y":-0.3177911341190338,"z":0.05047067254781723,"w":0.9350988268852234},"size":0.000017320508050033823,"orthographic":false}