{"cameraMode":{"drawMode":0,"name":"Shaded","section":"Shading Mode"},"sceneLighting":false,"audioPlay":false,"sceneViewState":{"m_AlwaysRefresh":false,"showFog":false,"showSkybox":false,"showFlares":true,"showImageEffects":true,"showParticleSystems":true,"showVisualEffectGraphs":true,"m_FxEnabled":true},"in2DMode":false,"pivot":{"x":-1.6854077577590943,"y":-2.7957544326782228,"z":5.475955486297607},"rotation":{"x":0.37097305059432986,"y":0.07315421849489212,"z":-0.029332203790545465,"w":0.9252968430519104},"size":8.621857643127442,"orthographic":false}