{"cameraMode":{"drawMode":0,"name":"Shaded","section":"Shading Mode"},"sceneLighting":true,"audioPlay":false,"sceneViewState":{"m_AlwaysRefresh":false,"showFog":true,"showSkybox":true,"showFlares":true,"showImageEffects":false,"showParticleSystems":true,"showVisualEffectGraphs":true,"m_FxEnabled":true},"in2DMode":false,"pivot":{"x":-0.20085203647613526,"y":1.5214158296585084,"z":1.232370138168335},"rotation":{"x":0.20355559885501862,"y":0.08714567869901657,"z":-0.018144406378269197,"w":0.97503262758255},"size":2.1825931072235109,"orthographic":false}