{"cameraMode":{"drawMode":0,"name":"Shaded","section":"Shading Mode"},"sceneLighting":true,"audioPlay":false,"sceneViewState":{"m_AlwaysRefresh":false,"showFog":true,"showSkybox":true,"showFlares":true,"showImageEffects":false,"showParticleSystems":true,"showVisualEffectGraphs":true,"m_FxEnabled":true},"in2DMode":false,"pivot":{"x":-11.53320598602295,"y":17.702186584472658,"z":-33.205352783203128},"rotation":{"x":0.04675174131989479,"y":0.04257142171263695,"z":-0.0019355514086782933,"w":0.9979768991470337},"size":0.0018456641118973494,"orthographic":false}