{"cameraMode":{"drawMode":0,"name":"Shaded","section":"Shading Mode"},"sceneLighting":true,"audioPlay":false,"sceneViewState":{"m_AlwaysRefresh":false,"showFog":true,"showSkybox":true,"showFlares":true,"showImageEffects":false,"showParticleSystems":true,"showVisualEffectGraphs":true,"m_FxEnabled":true},"in2DMode":false,"pivot":{"x":-14.328176498413086,"y":12.198113441467286,"z":-24.611679077148439},"rotation":{"x":0.15950973331928254,"y":0.1580081582069397,"z":-0.025883181020617486,"w":0.9741074442863464},"size":0.9317443370819092,"orthographic":false}