{"cameraMode":{"drawMode":0,"name":"Shaded","section":"Shading Mode"},"sceneLighting":true,"audioPlay":false,"sceneViewState":{"m_AlwaysRefresh":false,"showFog":true,"showSkybox":true,"showFlares":true,"showImageEffects":false,"showParticleSystems":true,"showVisualEffectGraphs":true,"m_FxEnabled":true},"in2DMode":false,"pivot":{"x":2.0396294593811037,"y":2.5919857025146486,"z":2.3961939811706545},"rotation":{"x":0.05347999185323715,"y":-0.7863986492156982,"z":0.06887105107307434,"w":0.6115019917488098},"size":1.2247449159622193,"orthographic":false}