{"cameraMode":{"drawMode":0,"name":"Shaded","section":"Shading Mode"},"sceneLighting":true,"audioPlay":false,"sceneViewState":{"m_AlwaysRefresh":false,"showFog":true,"showSkybox":true,"showFlares":true,"showImageEffects":false,"showParticleSystems":true,"showVisualEffectGraphs":true,"m_FxEnabled":true},"in2DMode":false,"pivot":{"x":-2.940460681915283,"y":1.8212087154388428,"z":3.9910361766815187},"rotation":{"x":-0.13657312095165254,"y":-0.7975350022315979,"z":0.19669897854328156,"w":-0.5537342429161072},"size":0.0017456640489399434,"orthographic":false}