{"cameraMode":{"drawMode":0,"name":"Shaded","section":"Shading Mode"},"sceneLighting":true,"audioPlay":false,"sceneViewState":{"m_AlwaysRefresh":false,"showFog":true,"showSkybox":true,"showFlares":true,"showImageEffects":false,"showParticleSystems":true,"showVisualEffectGraphs":true,"m_FxEnabled":true},"in2DMode":false,"pivot":{"x":33.49553298950195,"y":-19.065399169921876,"z":19.219289779663087},"rotation":{"x":-0.20920583605766297,"y":-0.49811333417892458,"z":0.12523214519023896,"w":-0.8321070075035095},"size":22.878999710083009,"orthographic":false}