{"cameraMode":{"drawMode":0,"name":"Shaded","section":"Shading Mode"},"sceneLighting":false,"audioPlay":false,"sceneViewState":{"m_AlwaysRefresh":false,"showFog":false,"showSkybox":false,"showFlares":true,"showImageEffects":true,"showParticleSystems":true,"showVisualEffectGraphs":true,"m_FxEnabled":true},"in2DMode":false,"pivot":{"x":-0.2506732642650604,"y":2.497342348098755,"z":-3.4381232261657717},"rotation":{"x":-0.1808001548051834,"y":-0.008266637101769448,"z":0.0015234433813020588,"w":-0.9834809303283691},"size":0.8660253882408142,"orthographic":false}