{"cameraMode":{"drawMode":0,"name":"Shaded","section":"Shading Mode"},"sceneLighting":false,"audioPlay":false,"sceneViewState":{"m_AlwaysRefresh":false,"showFog":false,"showSkybox":false,"showFlares":true,"showImageEffects":true,"showParticleSystems":true,"showVisualEffectGraphs":true,"m_FxEnabled":true},"in2DMode":false,"pivot":{"x":-0.12146291136741638,"y":1.3426514863967896,"z":-0.9665186405181885},"rotation":{"x":0.0719258114695549,"y":0.017953095957636834,"z":-0.0012939434964209796,"w":0.9972480535507202},"size":1.3915021419525147,"orthographic":false}