{"cameraMode":{"drawMode":0,"name":"Shaded","section":"Shading Mode"},"sceneLighting":false,"audioPlay":false,"sceneViewState":{"m_AlwaysRefresh":false,"showFog":false,"showSkybox":false,"showFlares":true,"showImageEffects":true,"showParticleSystems":true,"showVisualEffectGraphs":true,"m_FxEnabled":true},"in2DMode":false,"pivot":{"x":-0.11383713781833649,"y":0.34887194633483889,"z":0.16901588439941407},"rotation":{"x":0.4638693332672119,"y":0.04382017254829407,"z":-0.02298026718199253,"w":0.8845221400260925},"size":1.3915021419525147,"orthographic":false}