{"cameraMode":{"drawMode":0,"name":"Shaded","section":"Shading Mode"},"sceneLighting":false,"audioPlay":false,"sceneViewState":{"m_AlwaysRefresh":false,"showFog":true,"showSkybox":false,"showFlares":true,"showImageEffects":false,"showParticleSystems":true,"showVisualEffectGraphs":true,"m_FxEnabled":true},"in2DMode":false,"pivot":{"x":-0.2275310754776001,"y":1.300971508026123,"z":1.1337485313415528},"rotation":{"x":0.05659419670701027,"y":0.04968013986945152,"z":0.002776019973680377,"w":-0.9971817135810852},"size":1.2990410327911378,"orthographic":false}