{"cameraMode":{"drawMode":0,"name":"Shaded","section":"Shading Mode"},"sceneLighting":true,"audioPlay":true,"sceneViewState":{"m_AlwaysRefresh":false,"showFog":true,"showSkybox":true,"showFlares":true,"showImageEffects":true,"showParticleSystems":true,"showVisualEffectGraphs":true,"m_FxEnabled":true},"in2DMode":false,"pivot":{"x":509.04351806640627,"y":-294.29241943359377,"z":-267.34564208984377},"rotation":{"x":0.006712719332426786,"y":0.9523035287857056,"z":-0.3058945834636688,"w":0.020411072298884393},"size":570.7743530273438,"orthographic":false}