{"cameraMode":{"drawMode":0,"name":"Shaded","section":"Shading Mode"},"sceneLighting":true,"audioPlay":false,"sceneViewState":{"m_AlwaysRefresh":false,"showFog":false,"showSkybox":true,"showFlares":true,"showImageEffects":true,"showParticleSystems":true,"showVisualEffectGraphs":true,"m_FxEnabled":true},"in2DMode":false,"pivot":{"x":134.02671813964845,"y":33.219200134277347,"z":154.46031188964845},"rotation":{"x":0.16998974978923798,"y":0.046080946922302249,"z":-0.008145534433424473,"w":0.9844347834587097},"size":0.8660253882408142,"orthographic":false}