{"cameraMode":{"drawMode":0,"name":"Shaded","section":"Shading Mode"},"sceneLighting":true,"audioPlay":true,"sceneViewState":{"m_AlwaysRefresh":false,"showFog":true,"showSkybox":true,"showFlares":true,"showImageEffects":true,"showParticleSystems":true,"showVisualEffectGraphs":true,"m_FxEnabled":true},"in2DMode":false,"pivot":{"x":-274.17218017578127,"y":-153.59088134765626,"z":1201.6099853515625},"rotation":{"x":-0.15547145903110505,"y":0.39684662222862246,"z":-0.06904640048742295,"w":-0.9028632640838623},"size":659.0525512695313,"orthographic":false}