{"cameraMode":{"drawMode":0,"name":"Shaded","section":"Shading Mode"},"sceneLighting":true,"audioPlay":false,"sceneViewState":{"m_AlwaysRefresh":false,"showFog":true,"showSkybox":true,"showFlares":true,"showImageEffects":true,"showParticleSystems":true,"showVisualEffectGraphs":true,"m_FxEnabled":true},"in2DMode":false,"pivot":{"x":127.66287231445313,"y":18.891807556152345,"z":194.66070556640626},"rotation":{"x":0.2127092331647873,"y":-0.018006237223744394,"z":-0.0010064052185043693,"w":0.979282796382904},"size":50.25442123413086,"orthographic":false}