{"cameraMode":{"drawMode":0,"name":"Shaded","section":"Shading Mode"},"sceneLighting":true,"audioPlay":false,"sceneViewState":{"m_AlwaysRefresh":false,"showFog":true,"showSkybox":true,"showFlares":true,"showImageEffects":true,"showParticleSystems":true,"showVisualEffectGraphs":true,"m_FxEnabled":true},"in2DMode":false,"pivot":{"x":122.52814483642578,"y":28.579524993896486,"z":123.15496826171875},"rotation":{"x":0.13857430219650269,"y":-0.007553276140242815,"z":-0.0022070854902267458,"w":0.9917901158332825},"size":20.72327995300293,"orthographic":false}