{"cameraMode":{"drawMode":0,"name":"Shaded","section":"Shading Mode"},"sceneLighting":false,"audioPlay":false,"sceneViewState":{"m_AlwaysRefresh":false,"showFog":true,"showSkybox":false,"showFlares":true,"showImageEffects":false,"showParticleSystems":true,"showVisualEffectGraphs":true,"m_FxEnabled":true},"in2DMode":false,"pivot":{"x":-0.2600904107093811,"y":0.7807149291038513,"z":0.4740336239337921},"rotation":{"x":-0.032350677996873859,"y":-0.9473881721496582,"z":0.10158012807369232,"w":-0.30179962515830996},"size":0.9317443370819092,"orthographic":false}