{"cameraMode":{"drawMode":0,"name":"Shaded","section":"Shading Mode"},"sceneLighting":false,"audioPlay":false,"sceneViewState":{"m_AlwaysRefresh":false,"showFog":true,"showSkybox":false,"showFlares":true,"showImageEffects":false,"showParticleSystems":true,"showVisualEffectGraphs":true,"m_FxEnabled":true},"in2DMode":false,"pivot":{"x":-1.4978668689727784,"y":2.379176139831543,"z":1.7211692333221436},"rotation":{"x":0.1387834995985031,"y":-0.21939025819301606,"z":0.031547170132398608,"w":0.9652012586593628},"size":2.895782947540283,"orthographic":false}