{"cameraMode":{"drawMode":0,"name":"Shaded","section":"Shading Mode"},"sceneLighting":false,"audioPlay":false,"sceneViewState":{"m_AlwaysRefresh":false,"showFog":true,"showSkybox":false,"showFlares":true,"showImageEffects":false,"showParticleSystems":true,"showVisualEffectGraphs":true,"m_FxEnabled":true},"in2DMode":false,"pivot":{"x":0.10900108516216278,"y":1.0568959712982178,"z":0.6538061499595642},"rotation":{"x":-0.034093331545591357,"y":-0.07426125556230545,"z":-0.002495243214070797,"w":0.9966659545898438},"size":1.2124384641647339,"orthographic":false}