{"cameraMode":{"drawMode":0,"name":"Shaded","section":"Shading Mode"},"sceneLighting":false,"audioPlay":false,"sceneViewState":{"m_AlwaysRefresh":false,"showFog":true,"showSkybox":false,"showFlares":true,"showImageEffects":false,"showParticleSystems":true,"showVisualEffectGraphs":true,"m_FxEnabled":true},"in2DMode":false,"pivot":{"x":0.48893213272094729,"y":0.9295837879180908,"z":-1.7121388912200928},"rotation":{"x":0.10529828816652298,"y":-0.3818414807319641,"z":0.043840643018484119,"w":0.9171644449234009},"size":1.0993549823760987,"orthographic":false}