{"cameraMode":{"drawMode":0,"name":"Shaded","section":"Shading Mode"},"sceneLighting":false,"audioPlay":false,"sceneViewState":{"m_AlwaysRefresh":false,"showFog":false,"showSkybox":false,"showFlares":true,"showImageEffects":true,"showParticleSystems":true,"showVisualEffectGraphs":true,"m_FxEnabled":true},"in2DMode":false,"pivot":{"x":0.5805723667144775,"y":1.0252771377563477,"z":0.5437570810317993},"rotation":{"x":0.015852898359298707,"y":-0.718690812587738,"z":0.016396209597587587,"w":0.6949543356895447},"size":0.6235045790672302,"orthographic":false}