{"cameraMode":{"drawMode":0,"name":"Shaded","section":"Shading Mode"},"sceneLighting":false,"audioPlay":false,"sceneViewState":{"m_AlwaysRefresh":false,"showFog":false,"showSkybox":false,"showFlares":true,"showImageEffects":true,"showParticleSystems":true,"showVisualEffectGraphs":true,"m_FxEnabled":true},"in2DMode":false,"pivot":{"x":0.21449975669384004,"y":1.4306188821792603,"z":0.13246943056583405},"rotation":{"x":-0.008218137547373772,"y":-0.9837380051612854,"z":0.17323236167430879,"w":-0.04665670543909073},"size":1.2869962453842164,"orthographic":false}