{"cameraMode":{"drawMode":0,"name":"Shaded","section":"Shading Mode"},"sceneLighting":false,"audioPlay":false,"sceneViewState":{"m_AlwaysRefresh":false,"showFog":true,"showSkybox":false,"showFlares":true,"showImageEffects":false,"showParticleSystems":true,"showVisualEffectGraphs":true,"m_FxEnabled":true},"in2DMode":false,"pivot":{"x":-0.09818056225776673,"y":-0.011829763650894165,"z":4.420004367828369},"rotation":{"x":0.11868401616811753,"y":-0.6763612627983093,"z":0.11183702945709229,"w":0.7182640433311462},"size":0.5971443057060242,"orthographic":false}