{"cameraMode":{"drawMode":0,"name":"Shaded","section":"Shading Mode"},"sceneLighting":false,"audioPlay":false,"sceneViewState":{"m_AlwaysRefresh":false,"showFog":false,"showSkybox":false,"showFlares":true,"showImageEffects":true,"showParticleSystems":true,"showVisualEffectGraphs":true,"m_FxEnabled":true},"in2DMode":false,"pivot":{"x":-1.0722486972808838,"y":-1.5074822902679444,"z":6.110980033874512},"rotation":{"x":-0.19551807641983033,"y":0.01676534302532673,"z":-0.003344163065776229,"w":-0.9805753231048584},"size":8.275360107421875,"orthographic":false}