{"cameraMode":{"drawMode":0,"name":"Shaded","section":"Shading Mode"},"sceneLighting":false,"audioPlay":false,"sceneViewState":{"m_AlwaysRefresh":false,"showFog":false,"showSkybox":false,"showFlares":true,"showImageEffects":true,"showParticleSystems":true,"showVisualEffectGraphs":true,"m_FxEnabled":true},"in2DMode":false,"pivot":{"x":0.31099581718444826,"y":-1.6800743341445923,"z":3.9257938861846926},"rotation":{"x":-0.26987501978874209,"y":-0.01820085011422634,"z":0.005101619753986597,"w":-0.9627215266227722},"size":8.275360107421875,"orthographic":false}