{"cameraMode":{"drawMode":0,"name":"Shaded","section":"Shading Mode"},"sceneLighting":false,"audioPlay":false,"sceneViewState":{"m_AlwaysRefresh":false,"showFog":true,"showSkybox":false,"showFlares":true,"showImageEffects":true,"showParticleSystems":true,"showVisualEffectGraphs":true,"m_FxEnabled":true},"in2DMode":false,"pivot":{"x":-0.0000016689300537109376,"y":-0.026975572109222413,"z":0.6446506977081299},"rotation":{"x":-0.34383276104927065,"y":0.08876620978116989,"z":-0.0302291139960289,"w":-0.9360970258712769},"size":6.674916744232178,"orthographic":false}