{"cameraMode":{"drawMode":0,"name":"Shaded","section":"Shading Mode"},"sceneLighting":false,"audioPlay":false,"sceneViewState":{"m_AlwaysRefresh":false,"showFog":true,"showSkybox":false,"showFlares":true,"showImageEffects":false,"showParticleSystems":true,"showVisualEffectGraphs":true,"m_FxEnabled":true},"in2DMode":false,"pivot":{"x":-0.22982582449913026,"y":0.1806248277425766,"z":-0.5350215435028076},"rotation":{"x":0.19942180812358857,"y":-0.1376553475856781,"z":0.028308136388659478,"w":0.9697821140289307},"size":0.8042707443237305,"orthographic":false}