{"cameraMode":{"drawMode":0,"name":"Shaded","section":"Shading Mode"},"sceneLighting":false,"audioPlay":false,"sceneViewState":{"m_AlwaysRefresh":false,"showFog":true,"showSkybox":false,"showFlares":true,"showImageEffects":false,"showParticleSystems":true,"showVisualEffectGraphs":true,"m_FxEnabled":true},"in2DMode":false,"pivot":{"x":0.4379635155200958,"y":0.5014454126358032,"z":0.7517483234405518},"rotation":{"x":0.06274482607841492,"y":0.8383473753929138,"z":-0.09878384321928024,"w":0.5324288606643677},"size":1.8302379846572877,"orthographic":false}