{"cameraMode":{"drawMode":0,"name":"Shaded","section":"Shading Mode"},"sceneLighting":false,"audioPlay":false,"sceneViewState":{"m_AlwaysRefresh":false,"showFog":false,"showSkybox":false,"showFlares":true,"showImageEffects":true,"showParticleSystems":true,"showVisualEffectGraphs":true,"m_FxEnabled":true},"in2DMode":false,"pivot":{"x":0.3479536771774292,"y":-1.2050365209579468,"z":0.28978392481803896},"rotation":{"x":0.009540032595396042,"y":-0.7820983529090881,"z":0.011972193606197834,"w":0.6229451894760132},"size":0.9457213878631592,"orthographic":false}