{"cameraMode":{"drawMode":0,"name":"Shaded","section":"Shading Mode"},"sceneLighting":false,"audioPlay":false,"sceneViewState":{"m_AlwaysRefresh":false,"showFog":false,"showSkybox":false,"showFlares":true,"showImageEffects":true,"showParticleSystems":true,"showVisualEffectGraphs":true,"m_FxEnabled":true},"in2DMode":false,"pivot":{"x":-0.30034852027893069,"y":0.7855359315872192,"z":-0.44813403487205508},"rotation":{"x":0.0551459975540638,"y":-0.6783763766288757,"z":0.05118114501237869,"w":0.7308338284492493},"size":0.9457213878631592,"orthographic":false}