{"cameraMode":{"drawMode":0,"name":"Shaded","section":"Shading Mode"},"sceneLighting":false,"audioPlay":false,"sceneViewState":{"m_AlwaysRefresh":false,"showFog":true,"showSkybox":false,"showFlares":true,"showImageEffects":false,"showParticleSystems":true,"showVisualEffectGraphs":true,"m_FxEnabled":true},"in2DMode":false,"pivot":{"x":0.3156965374946594,"y":1.311441421508789,"z":-0.24352581799030305},"rotation":{"x":0.028489839285612108,"y":-0.2793313264846802,"z":-0.00834665633738041,"w":-0.9597508311271668},"size":1.2990410327911378,"orthographic":false}