{"cameraMode":{"drawMode":0,"name":"Shaded","section":"Shading Mode"},"sceneLighting":false,"audioPlay":false,"sceneViewState":{"m_AlwaysRefresh":false,"showFog":true,"showSkybox":false,"showFlares":true,"showImageEffects":false,"showParticleSystems":true,"showVisualEffectGraphs":true,"m_FxEnabled":true},"in2DMode":false,"pivot":{"x":2.5780575275421144,"y":3.9129598140716554,"z":5.018791198730469},"rotation":{"x":0.06448087096214295,"y":-0.9261786937713623,"z":0.3219035863876343,"w":0.18552345037460328},"size":0.000017320508050033823,"orthographic":false}