{"cameraMode":{"drawMode":0,"name":"Shaded","section":"Shading Mode"},"sceneLighting":false,"audioPlay":false,"sceneViewState":{"m_AlwaysRefresh":false,"showFog":false,"showSkybox":false,"showFlares":true,"showImageEffects":true,"showParticleSystems":true,"showVisualEffectGraphs":true,"m_FxEnabled":true},"in2DMode":false,"pivot":{"x":26.701494216918947,"y":63.49258041381836,"z":-34.972957611083987},"rotation":{"x":0.20031148195266725,"y":-0.5240153670310974,"z":0.12801869213581086,"w":0.8179765343666077},"size":28.467687606811525,"orthographic":false}