{"cameraMode":{"drawMode":0,"name":"Shaded","section":"Shading Mode"},"sceneLighting":false,"audioPlay":false,"sceneViewState":{"m_AlwaysRefresh":false,"showFog":false,"showSkybox":false,"showFlares":true,"showImageEffects":true,"showParticleSystems":true,"showVisualEffectGraphs":true,"m_FxEnabled":true},"in2DMode":false,"pivot":{"x":1.6064226627349854,"y":-0.45525452494621279,"z":7.4558329582214359},"rotation":{"x":0.17322777211666108,"y":0.0466599278151989,"z":-0.008219970390200615,"w":0.9837544560432434},"size":8.621857643127442,"orthographic":false}