{"cameraMode":{"drawMode":0,"name":"Shaded","section":"Shading Mode"},"sceneLighting":false,"audioPlay":false,"sceneViewState":{"m_AlwaysRefresh":false,"showFog":false,"showSkybox":false,"showFlares":true,"showImageEffects":true,"showParticleSystems":true,"showVisualEffectGraphs":true,"m_FxEnabled":true},"in2DMode":false,"pivot":{"x":-34.332515716552737,"y":110.79598999023438,"z":578.2702026367188},"rotation":{"x":0.016441164538264276,"y":-0.9375638961791992,"z":0.34488630294799807,"w":0.044125426560640338},"size":26.453317642211915,"orthographic":false}