{"cameraMode":{"drawMode":0,"name":"Shaded","section":"Shading Mode"},"sceneLighting":false,"audioPlay":false,"sceneViewState":{"m_AlwaysRefresh":false,"showFog":true,"showSkybox":false,"showFlares":true,"showImageEffects":true,"showParticleSystems":true,"showVisualEffectGraphs":true,"m_FxEnabled":true},"in2DMode":false,"pivot":{"x":-0.4802912473678589,"y":14.388455390930176,"z":1.1225885152816773},"rotation":{"x":0.11520598083734513,"y":-0.16019229590892793,"z":0.018814178183674814,"w":0.9801592826843262},"size":15.519330024719239,"orthographic":false}