{"cameraMode":{"drawMode":0,"name":"Shaded","section":"Shading Mode"},"sceneLighting":false,"audioPlay":false,"sceneViewState":{"m_AlwaysRefresh":false,"showFog":false,"showSkybox":false,"showFlares":true,"showImageEffects":true,"showParticleSystems":true,"showVisualEffectGraphs":true,"m_FxEnabled":true},"in2DMode":false,"pivot":{"x":1.3865046501159669,"y":1.7563533782958985,"z":6.542780876159668},"rotation":{"x":0.07219540327787399,"y":0.29996219277381899,"z":-0.02289155125617981,"w":0.9509357213973999},"size":7.5094990730285648,"orthographic":false}