{"cameraMode":{"drawMode":0,"name":"Shaded","section":"Shading Mode"},"sceneLighting":false,"audioPlay":false,"sceneViewState":{"m_AlwaysRefresh":false,"showFog":true,"showSkybox":false,"showFlares":true,"showImageEffects":false,"showParticleSystems":true,"showVisualEffectGraphs":true,"m_FxEnabled":true},"in2DMode":false,"pivot":{"x":-0.12428413331508637,"y":1.0160119533538819,"z":-0.8844323754310608},"rotation":{"x":0.2850545346736908,"y":0.09040838479995728,"z":-0.02701857127249241,"w":0.9538524746894836},"size":0.9049965143203735,"orthographic":false}