{"cameraMode":{"drawMode":0,"name":"Shaded","section":"Shading Mode"},"sceneLighting":false,"audioPlay":false,"sceneViewState":{"m_AlwaysRefresh":false,"showFog":false,"showSkybox":false,"showFlares":true,"showImageEffects":true,"showParticleSystems":true,"showVisualEffectGraphs":true,"m_FxEnabled":true},"in2DMode":false,"pivot":{"x":1.1499837636947632,"y":1.6251087188720704,"z":1.2936269044876099},"rotation":{"x":0.09987573325634003,"y":-0.8874747157096863,"z":0.22879517078399659,"w":0.3874247670173645},"size":0.8660253882408142,"orthographic":false}