{"cameraMode":{"drawMode":0,"name":"Shaded","section":"Shading Mode"},"sceneLighting":false,"audioPlay":false,"sceneViewState":{"m_AlwaysRefresh":false,"showFog":false,"showSkybox":false,"showFlares":true,"showImageEffects":true,"showParticleSystems":true,"showVisualEffectGraphs":true,"m_FxEnabled":true},"in2DMode":false,"pivot":{"x":1.6446150541305543,"y":2.073190450668335,"z":0.39643019437789919},"rotation":{"x":0.09240549057722092,"y":-0.7909740805625916,"z":0.12343812733888626,"w":0.5921294689178467},"size":0.8660253882408142,"orthographic":false}