{"cameraMode":{"drawMode":0,"name":"Shaded","section":"Shading Mode"},"sceneLighting":false,"audioPlay":false,"sceneViewState":{"m_AlwaysRefresh":false,"showFog":true,"showSkybox":false,"showFlares":true,"showImageEffects":false,"showParticleSystems":true,"showVisualEffectGraphs":true,"m_FxEnabled":true},"in2DMode":false,"pivot":{"x":0.2470666468143463,"y":2.0184545516967775,"z":1.5170831680297852},"rotation":{"x":-0.13393354415893556,"y":-0.8530251383781433,"z":0.42795586585998537,"w":-0.26696476340293887},"size":0.8660253882408142,"orthographic":false}