{"cameraMode":{"drawMode":0,"name":"Shaded","section":"Shading Mode"},"sceneLighting":true,"audioPlay":false,"sceneViewState":{"m_AlwaysRefresh":false,"showFog":true,"showSkybox":false,"showFlares":true,"showImageEffects":false,"showParticleSystems":true,"showVisualEffectGraphs":true,"m_FxEnabled":true},"in2DMode":false,"pivot":{"x":-7.282949447631836,"y":5.509796619415283,"z":-10.953134536743164},"rotation":{"x":0.12250278145074845,"y":0.3094915449619293,"z":-0.040239110589027408,"w":0.9421206116676331},"size":1.0404325723648072,"orthographic":false}