{"cameraMode":{"drawMode":0,"name":"Shaded","section":"Shading Mode"},"sceneLighting":true,"audioPlay":false,"sceneViewState":{"m_AlwaysRefresh":false,"showFog":false,"showSkybox":true,"showFlares":true,"showImageEffects":true,"showParticleSystems":true,"showVisualEffectGraphs":true,"m_FxEnabled":true},"in2DMode":false,"pivot":{"x":-0.4068593978881836,"y":2.870427131652832,"z":-2.053077220916748},"rotation":{"x":0.13541585206985475,"y":0.36787089705467226,"z":-0.054245010018348697,"w":0.9183652400970459},"size":2.292511224746704,"orthographic":false}