{"cameraMode":{"drawMode":0,"name":"Shaded","section":"Shading Mode"},"sceneLighting":true,"audioPlay":false,"sceneViewState":{"m_AlwaysRefresh":false,"showFog":true,"showSkybox":false,"showFlares":true,"showImageEffects":false,"showParticleSystems":true,"showVisualEffectGraphs":true,"m_FxEnabled":true},"in2DMode":false,"pivot":{"x":-18.891454696655275,"y":11.523653030395508,"z":-46.7714958190918},"rotation":{"x":-0.07610310614109039,"y":0.023328274488449098,"z":0.001784561201930046,"w":0.9968250393867493},"size":1.0404325723648072,"orthographic":false}