{"cameraMode":{"drawMode":0,"name":"Shaded","section":"Shading Mode"},"sceneLighting":true,"audioPlay":false,"sceneViewState":{"m_AlwaysRefresh":false,"showFog":true,"showSkybox":true,"showFlares":true,"showImageEffects":false,"showParticleSystems":true,"showVisualEffectGraphs":true,"m_FxEnabled":true},"in2DMode":false,"pivot":{"x":5.883047580718994,"y":0.03611183166503906,"z":6.006567478179932},"rotation":{"x":0.10517378896474838,"y":0.3542134463787079,"z":-0.04012814909219742,"w":0.9283640384674072},"size":8.463086128234864,"orthographic":false}