{"cameraMode":{"drawMode":0,"name":"Shaded","section":"Shading Mode"},"sceneLighting":true,"audioPlay":false,"sceneViewState":{"m_AlwaysRefresh":false,"showFog":false,"showSkybox":true,"showFlares":true,"showImageEffects":true,"showParticleSystems":true,"showVisualEffectGraphs":true,"m_FxEnabled":true},"in2DMode":false,"pivot":{"x":-26.668596267700197,"y":22.55486297607422,"z":3.3698153495788576},"rotation":{"x":-0.25906214118003847,"y":-0.3853195309638977,"z":0.11364727467298508,"w":-0.8783529996871948},"size":1.4940195083618165,"orthographic":false}