{"cameraMode":{"drawMode":0,"name":"Shaded","section":"Shading Mode"},"sceneLighting":true,"audioPlay":false,"sceneViewState":{"m_AlwaysRefresh":false,"showFog":false,"showSkybox":true,"showFlares":true,"showImageEffects":true,"showParticleSystems":true,"showVisualEffectGraphs":true,"m_FxEnabled":true},"in2DMode":false,"pivot":{"x":0.494172602891922,"y":0.6485554575920105,"z":-2.1154251098632814},"rotation":{"x":-0.15121114253997804,"y":-0.014236966148018837,"z":0.0021774605847895147,"w":-0.9883936643600464},"size":1.368118405342102,"orthographic":false}