{"cameraMode":{"drawMode":0,"name":"Shaded","section":"Shading Mode"},"sceneLighting":true,"audioPlay":false,"sceneViewState":{"m_AlwaysRefresh":false,"showFog":false,"showSkybox":true,"showFlares":true,"showImageEffects":true,"showParticleSystems":true,"showVisualEffectGraphs":true,"m_FxEnabled":true},"in2DMode":false,"pivot":{"x":0.21960832178592683,"y":1.1540093421936036,"z":-0.15419457852840424},"rotation":{"x":0.42061448097229006,"y":-0.03129063546657562,"z":0.014516663737595082,"w":0.9065830707550049},"size":1.0867773294448853,"orthographic":false}