{"cameraMode":{"drawMode":0,"name":"Shaded","section":"Shading Mode"},"sceneLighting":true,"audioPlay":false,"sceneViewState":{"m_AlwaysRefresh":false,"showFog":false,"showSkybox":true,"showFlares":true,"showImageEffects":true,"showParticleSystems":true,"showVisualEffectGraphs":true,"m_FxEnabled":true},"in2DMode":false,"pivot":{"x":-2.594820976257324,"y":1.6395256519317628,"z":-1.3759318590164185},"rotation":{"x":0.1892654001712799,"y":0.3036150634288788,"z":-0.061672572046518329,"w":0.9317684173583984},"size":1.0867773294448853,"orthographic":false}