{"cameraMode":{"drawMode":0,"name":"Shaded","section":"Shading Mode"},"sceneLighting":false,"audioPlay":false,"sceneViewState":{"m_AlwaysRefresh":false,"showFog":false,"showSkybox":false,"showFlares":true,"showImageEffects":true,"showParticleSystems":true,"showVisualEffectGraphs":true,"m_FxEnabled":true},"in2DMode":false,"pivot":{"x":-0.1199694350361824,"y":0.7041239142417908,"z":0.5635173320770264},"rotation":{"x":0.06503721326589585,"y":-0.584827184677124,"z":0.047119468450546268,"w":0.8071817755699158},"size":1.1283632516860963,"orthographic":false}