{"cameraMode":{"drawMode":0,"name":"Shaded","section":"Shading Mode"},"sceneLighting":false,"audioPlay":false,"sceneViewState":{"m_AlwaysRefresh":false,"showFog":true,"showSkybox":false,"showFlares":true,"showImageEffects":true,"showParticleSystems":true,"showVisualEffectGraphs":true,"m_FxEnabled":true},"in2DMode":false,"pivot":{"x":-2.384185791015625e-7,"y":0.003489196300506592,"z":0.3260009288787842},"rotation":{"x":-0.3056179881095886,"y":0.19983065128326417,"z":-0.06300699710845947,"w":-0.930580735206604},"size":8.564935684204102,"orthographic":false}