{"cameraMode":{"drawMode":0,"name":"Shaded","section":"Shading Mode"},"sceneLighting":false,"audioPlay":false,"sceneViewState":{"m_AlwaysRefresh":false,"showFog":true,"showSkybox":false,"showFlares":true,"showImageEffects":true,"showParticleSystems":true,"showVisualEffectGraphs":true,"m_FxEnabled":true},"in2DMode":false,"pivot":{"x":-0.4004390239715576,"y":1.468825101852417,"z":-1.5905406475067139},"rotation":{"x":-0.37784162163734438,"y":-0.20456863939762116,"z":0.08680792152881623,"w":-0.8996277451515198},"size":0.4764409363269806,"orthographic":false}