{"cameraMode":{"drawMode":0,"name":"Shaded","section":"Shading Mode"},"sceneLighting":false,"audioPlay":false,"sceneViewState":{"m_AlwaysRefresh":false,"showFog":true,"showSkybox":false,"showFlares":true,"showImageEffects":false,"showParticleSystems":true,"showVisualEffectGraphs":true,"m_FxEnabled":true},"in2DMode":false,"pivot":{"x":0.5132696628570557,"y":-0.14995956420898438,"z":-1.355097770690918},"rotation":{"x":-0.23630064725875855,"y":-0.2516113817691803,"z":-0.06349367648363114,"w":0.9363903999328613},"size":1.5629534721374512,"orthographic":false}