{"cameraMode":{"drawMode":0,"name":"Shaded","section":"Shading Mode"},"sceneLighting":false,"audioPlay":false,"sceneViewState":{"m_AlwaysRefresh":false,"showFog":false,"showSkybox":false,"showFlares":true,"showImageEffects":true,"showParticleSystems":true,"showVisualEffectGraphs":true,"m_FxEnabled":true},"in2DMode":false,"pivot":{"x":-1.8727610111236573,"y":1.4221493005752564,"z":1.9287993907928467},"rotation":{"x":-0.07614187896251679,"y":-0.8456646800041199,"z":0.12548254430294038,"w":-0.5131362676620483},"size":0.8660253882408142,"orthographic":false}