{"cameraMode":{"drawMode":0,"name":"Shaded","section":"Shading Mode"},"sceneLighting":true,"audioPlay":false,"sceneViewState":{"m_AlwaysRefresh":false,"showFog":true,"showSkybox":true,"showFlares":true,"showImageEffects":true,"showParticleSystems":true,"showVisualEffectGraphs":true,"m_FxEnabled":true},"in2DMode":false,"pivot":{"x":-25.516990661621095,"y":11.481731414794922,"z":-8.619157791137696},"rotation":{"x":-0.09520679712295532,"y":-0.04582814499735832,"z":0.017568223178386689,"w":-0.99724942445755},"size":1.8172091245651246,"orthographic":false}