{"cameraMode":{"drawMode":0,"name":"Shaded","section":"Shading Mode"},"sceneLighting":true,"audioPlay":false,"sceneViewState":{"m_AlwaysRefresh":false,"showFog":true,"showSkybox":true,"showFlares":true,"showImageEffects":true,"showParticleSystems":true,"showVisualEffectGraphs":true,"m_FxEnabled":true},"in2DMode":false,"pivot":{"x":-0.7351893186569214,"y":8.063498497009278,"z":17.926345825195314},"rotation":{"x":-0.004802225157618523,"y":-0.06192408874630928,"z":0.0003109677054453641,"w":-0.9987683892250061},"size":15.285112380981446,"orthographic":false}