{"cameraMode":{"drawMode":0,"name":"Shaded","section":"Shading Mode"},"sceneLighting":true,"audioPlay":false,"sceneViewState":{"m_AlwaysRefresh":false,"showFog":true,"showSkybox":true,"showFlares":true,"showImageEffects":true,"showParticleSystems":true,"showVisualEffectGraphs":true,"m_FxEnabled":true},"in2DMode":false,"pivot":{"x":-2.0259511470794679,"y":-2.1472413539886476,"z":19.971349716186525},"rotation":{"x":-0.19861231744289399,"y":0.0049788495525717739,"z":-0.0010208210442215205,"w":-0.9807483553886414},"size":15.285112380981446,"orthographic":false}