{"cameraMode":{"drawMode":0,"name":"Shaded","section":"Shading Mode"},"sceneLighting":true,"audioPlay":false,"sceneViewState":{"m_AlwaysRefresh":false,"showFog":true,"showSkybox":true,"showFlares":true,"showImageEffects":true,"showParticleSystems":true,"showVisualEffectGraphs":true,"m_FxEnabled":true},"in2DMode":false,"pivot":{"x":-1.0673227310180665,"y":3.9698917865753176,"z":17.945674896240236},"rotation":{"x":-0.036672353744506839,"y":-0.09279032796621323,"z":0.0033493756782263519,"w":-0.9956728219985962},"size":15.285112380981446,"orthographic":false}