{"cameraMode":{"drawMode":0,"name":"Shaded","section":"Shading Mode"},"sceneLighting":false,"audioPlay":false,"sceneViewState":{"m_AlwaysRefresh":false,"showFog":true,"showSkybox":false,"showFlares":true,"showImageEffects":false,"showParticleSystems":true,"showVisualEffectGraphs":true,"m_FxEnabled":true},"in2DMode":false,"pivot":{"x":3.612128496170044,"y":-1.0215249061584473,"z":-0.2410135269165039},"rotation":{"x":-0.7667181491851807,"y":0.14465221762657166,"z":0.5972798466682434,"w":0.18568353354930879},"size":0.001317320391535759,"orthographic":false}