{"cameraMode":{"drawMode":0,"name":"Shaded","section":"Shading Mode"},"sceneLighting":false,"audioPlay":false,"sceneViewState":{"m_AlwaysRefresh":false,"showFog":true,"showSkybox":false,"showFlares":true,"showImageEffects":true,"showParticleSystems":true,"showVisualEffectGraphs":true,"m_FxEnabled":true},"in2DMode":false,"pivot":{"x":-1.0178256034851075,"y":0.5713255405426025,"z":1.6386997699737549},"rotation":{"x":0.020732952281832696,"y":-0.07461589574813843,"z":0.0019129611318930984,"w":0.9975358843803406},"size":1.8721122741699219,"orthographic":false}