{"cameraMode":{"drawMode":0,"name":"Shaded","section":"Shading Mode"},"sceneLighting":false,"audioPlay":false,"sceneViewState":{"m_AlwaysRefresh":false,"showFog":true,"showSkybox":false,"showFlares":true,"showImageEffects":true,"showParticleSystems":true,"showVisualEffectGraphs":true,"m_FxEnabled":true},"in2DMode":false,"pivot":{"x":-7.152557373046875e-7,"y":0.0065833330154418949,"z":0.47255849838256838},"rotation":{"x":-0.34383276104927065,"y":0.08876620978116989,"z":-0.0302291139960289,"w":-0.9360970258712769},"size":9.412943840026856,"orthographic":false}