{"cameraMode":{"drawMode":0,"name":"Shaded","section":"Shading Mode"},"sceneLighting":true,"audioPlay":false,"sceneViewState":{"m_AlwaysRefresh":false,"showFog":true,"showSkybox":true,"showFlares":true,"showImageEffects":true,"showParticleSystems":true,"showVisualEffectGraphs":true,"m_FxEnabled":true},"in2DMode":false,"pivot":{"x":-2.999356508255005,"y":16.874927520751954,"z":13.695586204528809},"rotation":{"x":-0.023523513227701188,"y":0.8919620513916016,"z":-0.45061570405960085,"w":-0.04587450996041298},"size":1.8560656309127808,"orthographic":false}