{"cameraMode":{"drawMode":0,"name":"Shaded","section":"Shading Mode"},"sceneLighting":true,"audioPlay":false,"sceneViewState":{"m_AlwaysRefresh":false,"showFog":true,"showSkybox":true,"showFlares":true,"showImageEffects":true,"showParticleSystems":true,"showVisualEffectGraphs":true,"m_FxEnabled":true},"in2DMode":false,"pivot":{"x":-3.332853078842163,"y":4.369627952575684,"z":-1.8149296045303345},"rotation":{"x":-0.17133158445358277,"y":-0.13443094491958619,"z":0.023615935817360879,"w":-0.9758043885231018},"size":12.12435531616211,"orthographic":false}