{"cameraMode":{"drawMode":0,"name":"Shaded","section":"Shading Mode"},"sceneLighting":false,"audioPlay":false,"sceneViewState":{"m_AlwaysRefresh":false,"showFog":true,"showSkybox":false,"showFlares":true,"showImageEffects":false,"showParticleSystems":true,"showVisualEffectGraphs":true,"m_FxEnabled":true},"in2DMode":false,"pivot":{"x":0.000892341136932373,"y":0.3947172164916992,"z":0.01401740312576294},"rotation":{"x":0.19942180812358857,"y":-0.1376553475856781,"z":0.028308136388659478,"w":0.9697821140289307},"size":0.6913459897041321,"orthographic":false}