{"cameraMode":{"drawMode":0,"name":"Shaded","section":"Shading Mode"},"sceneLighting":false,"audioPlay":false,"sceneViewState":{"m_AlwaysRefresh":false,"showFog":true,"showSkybox":false,"showFlares":true,"showImageEffects":true,"showParticleSystems":true,"showVisualEffectGraphs":true,"m_FxEnabled":true},"in2DMode":false,"pivot":{"x":-0.000001430511474609375,"y":0.023236840963363649,"z":1.3821330070495606},"rotation":{"x":-0.34383276104927065,"y":0.08876620978116989,"z":-0.0302291139960289,"w":-0.9360970258712769},"size":8.972665786743164,"orthographic":false}